<keymap version="1" name="GNOME copy" parent="Default for GNOME">
  <action id="ChangesView.GroupBy.Module" />
  <action id="CloseContent">
    <keyboard-shortcut first-keystroke="ctrl f4" />
    <keyboard-shortcut first-keystroke="alt w" />
  </action>
  <action id="CollapseAllRegions">
    <keyboard-shortcut first-keystroke="shift ctrl subtract" />
    <keyboard-shortcut first-keystroke="shift ctrl minus" />
    <keyboard-shortcut first-keystroke="shift alt q" />
  </action>
  <action id="CollapseRegion">
    <keyboard-shortcut first-keystroke="alt q" />
  </action>
  <action id="Console.History.Browse" />
  <action id="CopyAbsolutePath" />
  <action id="CopyPaths" />
  <action id="DuplicatesForm.SendToLeft" />
  <action id="DuplicatesForm.SendToRight" />
  <action id="EditorContextInfo" />
  <action id="EditorDecreaseFontSize">
    <keyboard-shortcut first-keystroke="ctrl 1" />
  </action>
  <action id="EditorIncreaseFontSize">
    <keyboard-shortcut first-keystroke="ctrl 2" />
  </action>
  <action id="EditorResetFontSize">
    <keyboard-shortcut first-keystroke="ctrl 3" />
  </action>
  <action id="EditorToggleUseSoftWraps">
    <keyboard-shortcut first-keystroke="shift ctrl c" />
  </action>
  <action id="ExecuteInPyConsoleAction" />
  <action id="ExpandAllRegions">
    <keyboard-shortcut first-keystroke="shift ctrl equals" />
    <keyboard-shortcut first-keystroke="shift alt e" />
  </action>
  <action id="ExpandRegion">
    <keyboard-shortcut first-keystroke="ctrl add" />
    <keyboard-shortcut first-keystroke="ctrl equals" />
    <keyboard-shortcut first-keystroke="alt e" />
  </action>
  <action id="ExtractMethod" />
  <action id="FileChooser.GotoHome" />
  <action id="FileChooser.GotoModule" />
  <action id="FileChooser.GotoProject" />
  <action id="GotoBookmark1" />
  <action id="GotoBookmark2" />
  <action id="GotoBookmark3" />
  <action id="QuickChangeScheme" />
  <action id="Terminal.CopySelectedText">
    <keyboard-shortcut first-keystroke="ctrl c" />
    <keyboard-shortcut first-keystroke="ctrl insert" />
  </action>
  <action id="TodoViewGroupByShowModules" />
  <action id="ToggleFindInSelection" />
  <action id="ToggleRenderedDocPresentation" />
  <action id="UsageGrouping.Module" />
  <action id="ViewMainMenu">
    <keyboard-shortcut first-keystroke="ctrl alt m" />
  </action>
  <action id="WelcomeScreen.CopyProjectPath" />
  <action id="org.intellij.plugins.markdown.ui.actions.styling.ToggleCodeSpanAction" />
</keymap>